epoch,train_loss,val_loss,val_ber,lr
1.0,0.2492165556550026,0.24631334841251373,0.4675656259059906,0.001
2.0,0.2408621719479561,0.2349759191274643,0.4322955906391144,0.001
3.0,0.22505037665367125,0.2114245742559433,0.35528281331062317,0.001
4.0,0.19587850958108902,0.1813167929649353,0.2704586088657379,0.001
5.0,0.17085975617170335,0.1614987552165985,0.2232416719198227,0.001
6.0,0.1540534058213234,0.1467900574207306,0.19541458785533905,0.001
7.0,0.14036404222249985,0.133963942527771,0.1720934957265854,0.001
8.0,0.12797993049025536,0.12186603248119354,0.1472044289112091,0.001
9.0,0.11620601579546928,0.11065878719091415,0.1188117191195488,0.001
10.0,0.10580547541379928,0.10096072405576706,0.09518750011920929,0.001
11.0,0.09628048196434974,0.09133875370025635,0.07437030971050262,0.001
12.0,0.08632139712572098,0.08109747618436813,0.05748698115348816,0.001
13.0,0.0761724416911602,0.07130227982997894,0.04527760297060013,0.001
14.0,0.06699626967310905,0.06282605230808258,0.03611380234360695,0.001
15.0,0.059086740389466284,0.05547037348151207,0.02890937589108944,0.001
16.0,0.05220744475722313,0.04912938177585602,0.02347317710518837,0.001
17.0,0.0463423877209425,0.04373840242624283,0.019230468198657036,0.001
18.0,0.04133885189890862,0.03911786153912544,0.016271093860268593,0.001
19.0,0.0370470654219389,0.03515227884054184,0.014212760142982006,0.001
20.0,0.03335980467498303,0.03176064416766167,0.012942708097398281,0.001
21.0,0.030197794921696185,0.028807703405618668,0.011992448009550571,0.001
22.0,0.02744083870202303,0.02623796835541725,0.011361978948116302,0.001
23.0,0.025069076009094714,0.02407005801796913,0.010883073322474957,0.001
24.0,0.0230864167958498,0.022266503423452377,0.010541406460106373,0.001
25.0,0.02142979022115469,0.020751403644680977,0.01025703176856041,0.001
26.0,0.020022161267697812,0.01944798044860363,0.010029426775872707,0.001
27.0,0.018810603991150854,0.01831909641623497,0.009892968460917473,0.001
28.0,0.017748851478099823,0.017328202724456787,0.009719531051814556,0.001
29.0,0.01681804150342941,0.016455307602882385,0.009623697958886623,0.001
30.0,0.015986537877470255,0.015673305839300156,0.009526041336357594,0.001
31.0,0.015236239060759544,0.014948916621506214,0.009462240152060986,0.001
32.0,0.014539578836411238,0.014277162961661816,0.009360156022012234,0.001
33.0,0.013890528418123722,0.013663982041180134,0.00933932326734066,0.001
34.0,0.0133067786693573,0.013118482194840908,0.00926901027560234,0.001
35.0,0.012794908918440342,0.012630965560674667,0.009198958054184914,0.001
36.0,0.012344255056232213,0.012215266935527325,0.009135416708886623,0.001
37.0,0.011950344685465098,0.011836819350719452,0.009100781753659248,0.001
38.0,0.011586195100098848,0.011490271426737309,0.009039322845637798,0.001
39.0,0.01126152902841568,0.011185573413968086,0.009035937488079071,0.001
40.0,0.010969760827720165,0.010930802673101425,0.009030989371240139,0.001
41.0,0.010705107599496841,0.010660828091204166,0.008978646248579025,0.001
42.0,0.010461857952177524,0.010425828397274017,0.008943228982388973,0.001
43.0,0.010239667128771543,0.010207025334239006,0.008906510658562183,0.001
44.0,0.010032440591603518,0.010025793686509132,0.008930468931794167,0.001
45.0,0.009843876790255309,0.009824753738939762,0.008859114721417427,0.001
46.0,0.009665855132043362,0.009667469188570976,0.00885937549173832,0.001
47.0,0.009505530428141356,0.009496999904513359,0.008830728940665722,0.001
48.0,0.00935386585071683,0.00935331080108881,0.008799479342997074,0.001
49.0,0.009213485922664404,0.009242386557161808,0.00885677058249712,0.001
50.0,0.009085894394665957,0.009092388674616814,0.008803125470876694,0.001
51.0,0.00896053683012724,0.00897522084414959,0.008791666477918625,0.001
52.0,0.00884308222681284,0.008864909410476685,0.008774219080805779,0.001
53.0,0.008734171502292156,0.008754437789320946,0.008758333511650562,0.001
54.0,0.008631329480558635,0.008659242652356625,0.00874869804829359,0.001
55.0,0.008537238975986839,0.008578220382332802,0.008755989372730255,0.001
56.0,0.008448040690273046,0.00849134661257267,0.008739062584936619,0.001
57.0,0.00836396281607449,0.008404542692005634,0.008719791658222675,0.001
58.0,0.008289087256416678,0.008339064195752144,0.008714583702385426,0.001
59.0,0.008216640204191208,0.008257131092250347,0.008707291446626186,0.001
60.0,0.008147429674863815,0.00819929875433445,0.008692968636751175,0.001
61.0,0.008079623244702816,0.008136016316711903,0.008723958395421505,0.001
62.0,0.008018678519874811,0.008063807152211666,0.00868671853095293,0.001
63.0,0.007955079581588507,0.008010778576135635,0.0086825517937541,0.001
64.0,0.007899632081389427,0.007951687090098858,0.008677604608237743,0.001
65.0,0.00784690711647272,0.007905194535851479,0.0086825517937541,0.001
66.0,0.007793010324239731,0.007861213758587837,0.008686979301273823,0.001
67.0,0.007750338781625033,0.007820215076208115,0.00868098996579647,0.001
68.0,0.0077001693658530716,0.007761579938232899,0.00865520816296339,0.001
69.0,0.007659484837204218,0.0077277920208871365,0.008651302196085453,0.001
70.0,0.007616716800257563,0.007684237789362669,0.00865885429084301,0.001
71.0,0.00757658620364964,0.00765624362975359,0.008676562458276749,0.001
72.0,0.007536751134321094,0.007612461224198341,0.008651302196085453,0.001
73.0,0.007503429828211665,0.007572651375085115,0.008639583364129066,0.001
74.0,0.007468688730150461,0.007543845567852259,0.008644010871648788,0.001
75.0,0.00743799552321434,0.007516109384596348,0.008644010871648788,0.001
76.0,0.007404837943613529,0.007488009054213762,0.008644270710647106,0.001
77.0,0.007381765972822905,0.007455750834196806,0.008634114637970924,0.001
78.0,0.0073490717448294164,0.007435861509293318,0.008635937236249447,0.001
79.0,0.00732709214091301,0.007427148520946503,0.008661978878080845,0.001
80.0,0.007300293985754252,0.007384323049336672,0.008631249889731407,0.001
81.0,0.007275073491036892,0.007367124315351248,0.008616406470537186,0.001
82.0,0.007256576381623745,0.00734119163826108,0.008617708459496498,0.001
83.0,0.007231510523706674,0.0073279025964438915,0.008641666732728481,0.001
84.0,0.0072156672924757,0.007298940327018499,0.008622395806014538,0.001
85.0,0.007193926554173231,0.007282937411218882,0.00860520824790001,0.001
86.0,0.0071738113928586245,0.0072685731574893,0.008621354587376118,0.001
87.0,0.00715555502101779,0.0072702751494944096,0.008637760765850544,0.001
88.0,0.007138970671221614,0.007226020563393831,0.008604167029261589,0.001
89.0,0.007121627358719707,0.007213553413748741,0.008616406470537186,0.001
90.0,0.007105750516057014,0.007193065248429775,0.008601302281022072,0.001
91.0,0.007090112743899226,0.007187411654740572,0.008607291616499424,0.001
92.0,0.007071386594325304,0.007188562769442797,0.008636458776891232,0.001
93.0,0.007061190446838736,0.0071611562743783,0.008607552386820316,0.001
94.0,0.007050076825544238,0.00715652434155345,0.008634896017611027,0.001
95.0,0.007029408328235149,0.007126749027520418,0.008584375493228436,0.001
96.0,0.007020377991721034,0.007123047951608896,0.008605469018220901,0.001
97.0,0.007010396039113402,0.007113940082490444,0.008604948408901691,0.001
98.0,0.006998782390728593,0.007098732516169548,0.008593489415943623,0.001
99.0,0.006984455157071352,0.007086700294166803,0.008594531565904617,0.001
100.0,0.006974999736994505,0.007077384740114212,0.008608333766460419,0.001
101.0,0.006968852020800114,0.007080901879817247,0.008604687638580799,0.001
102.0,0.006959255896508694,0.0070755076594650745,0.008609635755419731,0.001
103.0,0.00694408455863595,0.007055307272821665,0.008608333766460419,0.001
104.0,0.006940927403047681,0.0070531414821743965,0.008618229068815708,0.001
105.0,0.006927227899432183,0.007034795358777046,0.008593750186264515,0.001
106.0,0.006918303892016411,0.007033034693449736,0.008598698303103447,0.001
107.0,0.006910388134419918,0.007039905991405249,0.008642968721687794,0.001
108.0,0.006906864363700151,0.0070297811180353165,0.008604426868259907,0.001
109.0,0.006902781836688518,0.007011939771473408,0.008588281460106373,0.001
110.0,0.006888377433642745,0.00701106758788228,0.008620573207736015,0.001
111.0,0.006878463923931122,0.006991265807300806,0.00858645886182785,0.001
112.0,0.006869691973552108,0.006987580563873053,0.00858385395258665,0.001
113.0,0.006864492138847708,0.006990246009081602,0.008597396314144135,0.001
114.0,0.006855794256553054,0.006986032240092754,0.00860000029206276,0.001
115.0,0.0068502302095294,0.006968301255255938,0.008593750186264515,0.001
116.0,0.006838639844208956,0.006962975487112999,0.008584635332226753,0.001
117.0,0.006833211816847325,0.006958803161978722,0.008580468595027924,0.001
118.0,0.006828740844503045,0.006950232200324535,0.008585416711866856,0.001
119.0,0.0068250918760895726,0.006949415896087885,0.008608072996139526,0.001
120.0,0.0068232736270874735,0.006943443324416876,0.008586198091506958,0.001
121.0,0.006813415847718715,0.006935442332178354,0.008584635332226753,0.001
122.0,0.006805569250136614,0.006939063314348459,0.008590885438024998,0.001
123.0,0.006800345061346889,0.006920775398612022,0.008567447774112225,0.001
124.0,0.006799932289868593,0.0069173788651824,0.008588802069425583,0.001
125.0,0.00678886903449893,0.006913985591381788,0.008580468595027924,0.001
126.0,0.006785774994641542,0.006927089300006628,0.008604948408901691,0.001
127.0,0.0067822388559579845,0.006906259339302778,0.00858697947114706,0.001
128.0,0.006782598244026303,0.006905784364789724,0.008580208756029606,0.001
129.0,0.0067704173643141985,0.006909592542797327,0.008589844219386578,0.001
130.0,0.006776091018691659,0.006912851240485907,0.008592448197305202,0.001
131.0,0.00676736518740654,0.006902782246470451,0.008588802069425583,0.001
132.0,0.006755653880536556,0.006888912990689278,0.008574999868869781,0.001
133.0,0.0067548588197678325,0.0068879080936312675,0.008585677482187748,0.001
134.0,0.00675486414693296,0.006913024000823498,0.008642448112368584,0.001
135.0,0.006751385610550642,0.006884302943944931,0.008595052175223827,0.001
136.0,0.006743857115507126,0.006887947674840689,0.00860104151070118,0.001
137.0,0.006746437279507518,0.006869132164865732,0.008572395890951157,0.001
138.0,0.006737280609086156,0.006872843485325575,0.00859687477350235,0.001
139.0,0.006731730066239834,0.006879849825054407,0.008600260131061077,0.001
140.0,0.006729940976947546,0.00687258318066597,0.008580729365348816,0.001
141.0,0.0067266936041414736,0.006864443887025118,0.00858802068978548,0.001
142.0,0.00673255754634738,0.006860458757728338,0.008588802069425583,0.001
143.0,0.00672237160615623,0.00686767278239131,0.008595572784543037,0.001
144.0,0.006717015132308006,0.006853844970464706,0.00857005175203085,0.001
145.0,0.006706944014877081,0.006844536401331425,0.008590885438024998,0.001
146.0,0.006705831279978156,0.006853250786662102,0.008594531565904617,0.001
147.0,0.006711765816435218,0.006847462151199579,0.00858750008046627,0.001
148.0,0.006703950930386782,0.00685595627874136,0.008598698303103447,0.001
149.0,0.006702548516914248,0.006854486186057329,0.008580208756029606,0.001
150.0,0.006695002634078264,0.006848756689578295,0.008603124879300594,0.001
151.0,0.006695881206542254,0.006832673214375973,0.00857005175203085,0.001
152.0,0.006690063951537013,0.006853611208498478,0.008613280951976776,0.001
153.0,0.006688692551106215,0.006837635301053524,0.00858802068978548,0.001
154.0,0.006687641395255923,0.006841221824288368,0.00858229212462902,0.001
155.0,0.006687003774568438,0.006829883903264999,0.008577083237469196,0.001
156.0,0.006681579891592264,0.006846004165709019,0.008606771007180214,0.001
157.0,0.006680640485137701,0.006820833310484886,0.008574218489229679,0.001
158.0,0.006677822340279817,0.006839404348284006,0.008597656153142452,0.001
159.0,0.006675291443243623,0.0068210274912416935,0.008582551963627338,0.001
160.0,0.0066721597220748665,0.006822996307164431,0.008575520478188992,0.001
161.0,0.0066724201384931806,0.006843707524240017,0.008609895594418049,0.001
162.0,0.006670517511665821,0.006829637568444014,0.008601563051342964,0.001
163.0,0.006666813679039478,0.006819927133619785,0.008593229576945305,0.001
164.0,0.00666487037204206,0.006817881483584642,0.00858854129910469,0.001
165.0,0.006660905927419663,0.0068144905380904675,0.008578906767070293,0.001
166.0,0.006669904114678502,0.00682581402361393,0.008625260554254055,0.001
167.0,0.0066566965635865925,0.006813449319452047,0.008606250397861004,0.001
168.0,0.006657263627275824,0.00680689699947834,0.008584375493228436,0.001
169.0,0.006653257254511118,0.006801439914852381,0.008581510744988918,0.001
170.0,0.006652882909402251,0.0068116746842861176,0.008605989627540112,0.001
171.0,0.006646787580102682,0.006803537718951702,0.008579687215387821,0.001
172.0,0.006642922004684806,0.006802369374781847,0.008589062839746475,0.001
173.0,0.006641494557261467,0.00682041747495532,0.008600781671702862,0.001
174.0,0.006646386422216892,0.006814735010266304,0.008619271218776703,0.001
175.0,0.00664105755276978,0.006796525325626135,0.008597396314144135,0.001
176.0,0.006636099992319942,0.006810062099248171,0.008614583872258663,0.001
177.0,0.006643979316577315,0.0068167755380272865,0.008616927079856396,0.001
178.0,0.006640416085720063,0.006795099936425686,0.00858750008046627,0.001
179.0,0.006634428463876248,0.0067917401902377605,0.008587760850787163,0.001
180.0,0.0066332902014255525,0.006805455777794123,0.008601822890341282,0.001
181.0,0.006639788625761867,0.006796511355787516,0.008585677482187748,0.001
182.0,0.006629082951694727,0.006792787928134203,0.008579427376389503,0.001
183.0,0.006623328914865851,0.00679798936471343,0.008599739521741867,0.001
184.0,0.0066258015669882295,0.006801533047109842,0.00860000029206276,0.001
185.0,0.00662653568200767,0.006792778614908457,0.008616406470537186,0.001
186.0,0.006625202707946301,0.006789985112845898,0.008579687215387821,0.001
187.0,0.00661701281554997,0.006782395299524069,0.008589583449065685,0.001
188.0,0.006616739826276898,0.006783380173146725,0.008590885438024998,0.001
189.0,0.0066254005394876005,0.0067803459241986275,0.008583072572946548,0.001
190.0,0.006615525959059596,0.006784995552152395,0.008578645996749401,0.001
191.0,0.006614195089787245,0.0067777507938444614,0.00859218742698431,0.001
192.0,0.006618698555976152,0.006772845052182674,0.008568749763071537,0.001
193.0,0.0066102651041001085,0.006779861636459827,0.008588802069425583,0.001
194.0,0.006606343518942594,0.006768751889467239,0.00858750008046627,0.001
195.0,0.0066120495647192,0.006789402570575476,0.008609635755419731,0.001
196.0,0.00661194683983922,0.006783671211451292,0.00859583355486393,0.001
197.0,0.006607737075537443,0.0067861187271773815,0.008602604269981384,0.001
198.0,0.006605879655107855,0.006786446087062359,0.008594010956585407,0.001
199.0,0.006606357041746378,0.006782416719943285,0.008605469018220901,0.001
200.0,0.006603752328082919,0.0067657288163900375,0.008599218912422657,0.0002
201.0,0.006582369189709425,0.00675530219450593,0.00857005175203085,0.0002
202.0,0.006579588949680328,0.0067562926560640335,0.008570312522351742,0.0002
203.0,0.00658150308765471,0.0067591131664812565,0.008576301857829094,0.0002
204.0,0.006580076133832336,0.006754549220204353,0.00856432318687439,0.0002
205.0,0.0065787504706531766,0.006755627691745758,0.008569791913032532,0.0002
206.0,0.006577681796625256,0.00675592664629221,0.008578385226428509,0.0002
207.0,0.006578064477071166,0.006754609290510416,0.008577083237469196,0.0002
208.0,0.006579971769824624,0.00675596110522747,0.008580990135669708,0.0002
209.0,0.006577440202236175,0.006754204165190458,0.00856901053339243,0.0002
210.0,0.006577036827802658,0.006753727328032255,0.008569791913032532,0.0002
211.0,0.006577348317950964,0.00675669452175498,0.008572656661272049,0.0002
212.0,0.006576680541038513,0.006753477267920971,0.008567968383431435,0.0002
213.0,0.006576097188517451,0.006755242124199867,0.008572656661272049,0.0002
214.0,0.006576442243531346,0.006755906157195568,0.008580468595027924,0.0002
215.0,0.006576180793344975,0.006754240021109581,0.008587239310145378,0.0002
216.0,0.006576249059289694,0.006756341550499201,0.00858697947114706,0.0002
217.0,0.006575631089508534,0.006754288449883461,0.00856901053339243,0.0002
218.0,0.006575868325307965,0.006754863541573286,0.008577344007790089,0.0002
219.0,0.006576596042141319,0.006753554567694664,0.008578385226428509,0.0002
220.0,0.006575057646259665,0.006757681258022785,0.008586198091506958,0.0002
221.0,0.006575302043929696,0.006752414163202047,0.008575781248509884,0.0002
222.0,0.006575343813747168,0.006752761080861092,0.008569271303713322,0.0002
223.0,0.006573756029829383,0.00675474526360631,0.00858281273394823,0.0002
224.0,0.006574426963925362,0.006752941757440567,0.008570573292672634,0.0002
225.0,0.0065748554188758135,0.006749968510121107,0.008576042018830776,0.0002
226.0,0.006572965029627085,0.006752513814717531,0.008583594113588333,0.0002
227.0,0.006572295613586902,0.006752946879714727,0.008578385226428509,0.0002
228.0,0.006573608331382275,0.0067544481717050076,0.008577344007790089,0.0002
229.0,0.006572340838611126,0.006752100307494402,0.008571354672312737,0.0002
230.0,0.0065730305667966605,0.006751980632543564,0.008582031354308128,0.0002
231.0,0.006573825962841511,0.006752460729330778,0.008585677482187748,0.0002
232.0,0.006572772497311235,0.006750833243131638,0.008574218489229679,0.0002
233.0,0.006571557642892003,0.006753641180694103,0.008571875281631947,0.0002
234.0,0.0065728241764009,0.006751437671482563,0.008569271303713322,0.0002
235.0,0.006570809781551361,0.006751023232936859,0.00858385395258665,0.0002
236.0,0.006570668825879693,0.006750454660505056,0.00857005175203085,0.0002
237.0,0.006571281868964433,0.006752458401024342,0.00858750008046627,0.0002
238.0,0.006571786664426327,0.006756374146789312,0.008585937321186066,0.0002
239.0,0.006571021731942892,0.006750188302248716,0.008578125387430191,0.0002
240.0,0.006570962453261018,0.006756003946065903,0.008577603846788406,0.0002
241.0,0.0065705618262290955,0.006747620180249214,0.008581510744988918,0.0002
242.0,0.006570266075432301,0.006747978739440441,0.008567447774112225,0.0002
243.0,0.006569512970745563,0.006749977357685566,0.008574999868869781,0.0002
244.0,0.006569943875074386,0.006748206447809935,0.008586718700826168,0.0002
245.0,0.006568928342312574,0.006747004110366106,0.008577603846788406,0.0002
246.0,0.006568793449550867,0.006747513078153133,0.008570573292672634,0.0002
247.0,0.006567662339657545,0.0067525627091526985,0.00858385395258665,0.0002
248.0,0.006567878387868404,0.006747591309249401,0.008583072572946548,0.0002
249.0,0.0065685924794524906,0.006752045825123787,0.00858385395258665,0.0002
250.0,0.006568120419979095,0.006750023923814297,0.008565885946154594,0.0002
251.0,0.0065678345132619146,0.006748876068741083,0.008576042018830776,0.0002
252.0,0.006568774515762925,0.006748864892870188,0.008574479259550571,0.0002
253.0,0.006567451376467943,0.006749417167156935,0.008580990135669708,0.0002
254.0,0.006566757522523403,0.006749075371772051,0.00858385395258665,0.0002
255.0,0.006567339953035116,0.006747743114829063,0.008575781248509884,0.0002
256.0,0.006567492904141545,0.0067455219104886055,0.008573177270591259,0.0002
257.0,0.0065672101452946665,0.00674585672095418,0.008561458438634872,0.0002
258.0,0.006564655406400562,0.006745543330907822,0.008571093901991844,0.0002
259.0,0.006566838352009654,0.006747268605977297,0.008573697879910469,0.0002
260.0,0.0065657915640622375,0.006746723782271147,0.008575260639190674,0.0002
261.0,0.006566687505692243,0.0067481487058103085,0.00858385395258665,0.0002
262.0,0.006567152729257941,0.0067440965212881565,0.008569791913032532,0.0002
263.0,0.0065642565675079825,0.006746827159076929,0.008573438040912151,0.0002
264.0,0.006564311115071177,0.00674800481647253,0.008575260639190674,0.0002
265.0,0.006566026760265231,0.006745182443410158,0.008576042018830776,0.0002
266.0,0.006564291790127754,0.00674660736694932,0.008585155941545963,0.0002
267.0,0.006565248584374786,0.0067525701597332954,0.008574479259550571,0.0002
268.0,0.006564503265544772,0.00674546230584383,0.008579166606068611,0.0002
269.0,0.00656346389092505,0.006747252307832241,0.008575260639190674,0.0002
270.0,0.006562119433656335,0.006744013633579016,0.008571875281631947,0.0002
271.0,0.006563524715602398,0.006743177305907011,0.008573958650231361,0.0002
272.0,0.00656319186091423,0.006745975464582443,0.008577083237469196,0.0002
273.0,0.006562691479921341,0.006744992453604937,0.008572656661272049,0.0002
274.0,0.006562469443306327,0.006746264174580574,0.008575781248509884,0.0002
275.0,0.006563165569677949,0.0067542907781898975,0.008589062839746475,0.0002
276.0,0.006563643431290984,0.0067437998950481415,0.008575260639190674,0.0002
277.0,0.006562971090897918,0.006748353596776724,0.008583072572946548,0.0002
278.0,0.0065631731227040295,0.0067429267801344395,0.008577864617109299,0.0002
279.0,0.00656187423504889,0.006746047176420689,0.008580729365348816,0.0002
280.0,0.0065610182657837865,0.006742409430444241,0.008576562628149986,0.0002
281.0,0.006561643006280065,0.006744456011801958,0.008577603846788406,0.0002
282.0,0.006561203245073557,0.006743469275534153,0.008572656661272049,0.0002
283.0,0.006560549829155207,0.006745906546711922,0.008576301857829094,0.0002
284.0,0.006560703916475177,0.006741852033883333,0.008566145785152912,0.0002
285.0,0.006561884135007859,0.0067429677583277225,0.00858229212462902,0.0002
286.0,0.006559335915371775,0.006744759157299995,0.008582551963627338,0.0002
287.0,0.006559151243418455,0.006742795929312706,0.008584375493228436,0.0002
288.0,0.006558487545698881,0.006743133533746004,0.008594791404902935,0.0002
289.0,0.00656061147339642,0.0067436289973556995,0.008579427376389503,0.0002
290.0,0.006559152482077479,0.006740281358361244,0.00856380257755518,0.0002
291.0,0.006558502912521362,0.006744486279785633,0.008580468595027924,0.0002
292.0,0.006558736758306622,0.006740907672792673,0.008581510744988918,0.0002
293.0,0.006558748772367835,0.006745066959410906,0.008580468595027924,0.0002
294.0,0.006557860663160681,0.006746228784322739,0.008582551963627338,0.0002
295.0,0.006557807866483927,0.0067415437661111355,0.008580208756029606,0.0002
296.0,0.006557137155905366,0.006741901859641075,0.008578385226428509,0.0002
297.0,0.006558294007554651,0.006742792669683695,0.008573958650231361,0.0002
298.0,0.0065581166837364435,0.006740976125001907,0.008579947985708714,0.0002
299.0,0.006557364603504538,0.006750150583684444,0.008585677482187748,0.0002
300.0,0.0065578881371766325,0.006745779421180487,0.008596093393862247,0.0002
301.0,0.0065570900961756705,0.006740190088748932,0.008576823398470879,0.0002
302.0,0.006556502170860767,0.0067428783513605595,0.008581510744988918,0.0002
303.0,0.0065557926800102,0.006745493970811367,0.008598176762461662,0.0002
304.0,0.006555248936638236,0.006739014759659767,0.008577083237469196,0.0002
305.0,0.006556394640356302,0.0067394147627055645,0.008565885946154594,0.0002
306.0,0.006555763743817806,0.006742144003510475,0.008575260639190674,0.0002
307.0,0.006555555546656251,0.00674230745062232,0.008581249974668026,0.0002
308.0,0.006556859472766519,0.006739224772900343,0.008582031354308128,0.0002
309.0,0.006556157637387514,0.0067398264072835445,0.008578906767070293,0.0002
310.0,0.006554198274388909,0.006740179844200611,0.008581249974668026,0.0002
311.0,0.00655545923858881,0.006739533971995115,0.008579427376389503,0.0002
312.0,0.006556314947083593,0.006743453908711672,0.008581770583987236,0.0002
313.0,0.006553708566352725,0.006741445977240801,0.008581510744988918,0.0002
314.0,0.006554499370977283,0.006738829426467419,0.008576042018830776,0.0002
315.0,0.006553836446255445,0.006736936513334513,0.008576823398470879,0.0002
316.0,0.006553583545610309,0.0067434730008244514,0.008570833131670952,0.0002
317.0,0.0065526231750845905,0.006739531643688679,0.008566666394472122,0.0002
318.0,0.006552388472482562,0.006740133743733168,0.008581249974668026,0.0002
319.0,0.0065539306029677395,0.006738034542649984,0.008572656661272049,0.0002
320.0,0.00655255913734436,0.006741122342646122,0.008585416711866856,0.0002
321.0,0.006552337259054184,0.006739272270351648,0.008574740029871464,0.0002
322.0,0.006551992781460285,0.006738186813890934,0.008578125387430191,0.0002
323.0,0.00655267421156168,0.006740512326359749,0.008576562628149986,0.0002
324.0,0.0065520973410457374,0.006738042458891869,0.008573958650231361,0.0002
325.0,0.006552649550139904,0.006748910993337631,0.008581510744988918,0.0002
326.0,0.006553496243432164,0.006737255025655031,0.008571354672312737,0.0002
327.0,0.006552596567198634,0.006738740019500256,0.008584635332226753,0.0002
328.0,0.006551111284643411,0.006741718389093876,0.008587239310145378,0.0002
329.0,0.006551346909254789,0.006737102754414082,0.008585416711866856,0.0002
330.0,0.006552386302500963,0.006742764730006456,0.00858385395258665,0.0002
331.0,0.0065522919781506065,0.006738162133842707,0.008578645996749401,0.0002
332.0,0.006551699507981539,0.006739861331880093,0.008571614511311054,0.0002
333.0,0.006550774592906237,0.006741593591868877,0.008585677482187748,0.0002
334.0,0.006549223586916924,0.006735572591423988,0.008564062416553497,0.0002
335.0,0.0065502587798982855,0.006740006618201733,0.008573438040912151,0.0002
336.0,0.006550100613385439,0.006734966300427914,0.008563021197915077,0.0002
337.0,0.006549077350646257,0.006737740244716406,0.008571875281631947,0.0002
338.0,0.0065492783207446335,0.006734414957463741,0.008559375070035458,0.0002
339.0,0.00655021115206182,0.006742758676409721,0.008589844219386578,0.0002
340.0,0.006551016485318541,0.00673748180270195,0.00856953114271164,0.0002
341.0,0.006550103593617677,0.006734697613865137,0.008576823398470879,0.0002
342.0,0.006549120033159852,0.006742793135344982,0.008585937321186066,0.0002
343.0,0.006550235785543919,0.006736335344612598,0.00858333334326744,0.0002
344.0,0.006549690142273903,0.006735938601195812,0.008573438040912151,0.0002
345.0,0.00654752797447145,0.006740766577422619,0.008601302281022072,0.0002
346.0,0.006547413086518645,0.006735051516443491,0.008575260639190674,0.0002
347.0,0.006547894449904561,0.0067339101806283,0.008574740029871464,0.0002
348.0,0.006546914866194129,0.006738676689565182,0.008574740029871464,0.0002
349.0,0.006548457266762853,0.006738003809005022,0.008585677482187748,0.0002
350.0,0.006547954566776752,0.006735051050782204,0.008573958650231361,0.0002
351.0,0.006547678448259831,0.006738070864230394,0.008592968806624413,0.0002
352.0,0.006546951346099377,0.006734365131705999,0.008579166606068611,0.0002
353.0,0.006548236506059766,0.0067379893735051155,0.008573958650231361,0.0002
354.0,0.006549097672104836,0.006736593320965767,0.008584114722907543,0.0002
355.0,0.006546866176649928,0.006735282484441996,0.008572916500270367,0.0002
356.0,0.006548130493611097,0.006735635455697775,0.008576042018830776,0.0002
357.0,0.006546310288831592,0.00673325639218092,0.008584635332226753,0.0002
358.0,0.006546235429123044,0.00673360750079155,0.008572395890951157,0.0002
359.0,0.006546745570376516,0.006736701354384422,0.008571093901991844,0.0002
360.0,0.0065467159263789656,0.006735495291650295,0.008572656661272049,0.0002
361.0,0.006546254940330982,0.006735644768923521,0.008584114722907543,0.0002
362.0,0.0065454643219709395,0.006734495982527733,0.008586198091506958,0.0002
363.0,0.0065457965899258855,0.006734421011060476,0.008579427376389503,0.0002
364.0,0.006545401345938444,0.006733786314725876,0.008580468595027924,0.0002
365.0,0.006543985726311803,0.006731769070029259,0.008574218489229679,0.0002
366.0,0.006545849703252315,0.006738987285643816,0.00858229212462902,0.0002
367.0,0.006544243525713683,0.006733825895935297,0.008586198091506958,0.0002
368.0,0.006543800793588161,0.006734444294124842,0.008576823398470879,0.0002
369.0,0.0065437878668308256,0.006732266396284103,0.008577603846788406,0.0002
370.0,0.006545111797749996,0.006731284782290459,0.008576042018830776,0.0002
371.0,0.006544810552150011,0.006733122747391462,0.00856953114271164,0.0002
372.0,0.006543857678771019,0.00673308502882719,0.00858802068978548,0.0002
373.0,0.006545063303783536,0.006733565125614405,0.008576823398470879,0.0002
374.0,0.006544696772471071,0.006731237750500441,0.008571875281631947,0.0002
375.0,0.006543014710769057,0.006731626112014055,0.008580208756029606,0.0002
376.0,0.006543116066604853,0.006733476184308529,0.008576301857829094,0.0002
377.0,0.006543816095218063,0.006735835690051317,0.008581249974668026,0.0002
378.0,0.006544157071039081,0.006732024718075991,0.008585416711866856,0.0002
379.0,0.006545824529603124,0.0067333923652768135,0.008576823398470879,0.0002
380.0,0.006543700136244297,0.00673160282894969,0.008571093901991844,0.0002
381.0,0.006543264985084534,0.006731642410159111,0.008573697879910469,0.0002
382.0,0.0065412108227610585,0.006735042203217745,0.008573438040912151,0.0002
383.0,0.0065412207413464785,0.0067302873358130455,0.008580729365348816,0.0002
384.0,0.006542486986145377,0.006731831468641758,0.008576823398470879,0.0002
385.0,0.006541676102206111,0.00673089362680912,0.008575781248509884,0.0002
386.0,0.006541644018143416,0.0067308209836483,0.008578385226428509,0.0002
387.0,0.00654148637317121,0.006732891779392958,0.008565104566514492,0.0002
388.0,0.006540531180799007,0.0067325979471206665,0.008577344007790089,0.0002
389.0,0.006542245224118233,0.006734360940754414,0.008582551963627338,0.0002
390.0,0.00654143812134862,0.006731613073498011,0.00858854129910469,0.0002
391.0,0.006541940635070204,0.006730078253895044,0.008575781248509884,0.0002
392.0,0.006541927587240934,0.006732674315571785,0.008579687215387821,0.0002
393.0,0.00653994015417993,0.006733002606779337,0.008578385226428509,0.0002
394.0,0.006540152309462428,0.006732514593750238,0.00858697947114706,0.0002
395.0,0.006540647810325027,0.006730472669005394,0.008578125387430191,0.0002
396.0,0.006539763370528817,0.006731819827109575,0.00858333334326744,0.0002
397.0,0.0065392271988093855,0.0067306458950042725,0.00858385395258665,0.0002
398.0,0.006541299857199192,0.0067331683821976185,0.008578645996749401,0.0002
399.0,0.006540643628686667,0.0067305248230695724,0.008579427376389503,0.0002
400.0,0.006540939984843135,0.006735861301422119,0.008594270795583725,4e-05
401.0,0.006535212267190218,0.006727237720042467,0.008572656661272049,4e-05
402.0,0.006533945798873901,0.006727269850671291,0.008575260639190674,4e-05
403.0,0.00653368323110044,0.006727278232574463,0.008574218489229679,4e-05
404.0,0.006533652292564512,0.006728907115757465,0.008577083237469196,4e-05
405.0,0.006533549381420017,0.006727372296154499,0.008577083237469196,4e-05
406.0,0.0065337821748107676,0.006727101746946573,0.008573697879910469,4e-05
407.0,0.006533579332754016,0.006728181149810553,0.008566927164793015,4e-05
408.0,0.00653376872651279,0.006727227475494146,0.008574999868869781,4e-05
409.0,0.006533767348155379,0.006727064494043589,0.008578645996749401,4e-05
410.0,0.006533238170668483,0.006726750638335943,0.008577864617109299,4e-05
411.0,0.006533245230093599,0.006726769730448723,0.008576562628149986,4e-05
412.0,0.0065332933235913515,0.0067279827781021595,0.008579166606068611,4e-05
413.0,0.006533449860289693,0.006727477069944143,0.008574999868869781,4e-05
414.0,0.0065336002502590414,0.006727657746523619,0.008581249974668026,4e-05
415.0,0.006533402763307094,0.006726833060383797,0.008564062416553497,4e-05
416.0,0.006533581232652068,0.0067274863831698895,0.008573697879910469,4e-05
417.0,0.006533515807241201,0.006726828869432211,0.008572916500270367,4e-05
418.0,0.006533562364056706,0.006727890111505985,0.008575520478188992,4e-05
419.0,0.006533238003030419,0.006727784406393766,0.008581249974668026,4e-05
420.0,0.00653349774889648,0.006726787891238928,0.008570312522351742,4e-05
421.0,0.006533407336100936,0.006726925726979971,0.008572916500270367,4e-05
422.0,0.0065332834981381895,0.0067273336462676525,0.008576823398470879,4e-05
423.0,0.006533269351348281,0.006727437488734722,0.008575781248509884,4e-05
424.0,0.006533101573586464,0.0067267268896102905,0.008574479259550571,4e-05
425.0,0.006533165154978633,0.00672813830897212,0.008575260639190674,4e-05
426.0,0.006533548012375831,0.006727037951350212,0.008570573292672634,4e-05
427.0,0.006532943304628134,0.006727736443281174,0.008573697879910469,4e-05
428.0,0.006533352807164192,0.006727572530508041,0.008569791913032532,4e-05
429.0,0.006532981656491756,0.006728155538439751,0.008573177270591259,4e-05
430.0,0.0065328590478748085,0.006726600229740143,0.008573697879910469,4e-05
431.0,0.006533019179478287,0.006727069150656462,0.008577344007790089,4e-05
432.0,0.006532927639782428,0.006726275663822889,0.008572656661272049,4e-05
433.0,0.006532489415258169,0.006728611886501312,0.008577344007790089,4e-05
434.0,0.006532828016206622,0.00672660768032074,0.008573177270591259,4e-05
435.0,0.006532628610730171,0.006726366933435202,0.008579947985708714,4e-05
436.0,0.006533024944365025,0.006726397667080164,0.008576823398470879,4e-05
437.0,0.006532988157123327,0.006726460997015238,0.008576301857829094,4e-05
438.0,0.006532390359789133,0.006726736668497324,0.008575260639190674,4e-05
439.0,0.006532750464975834,0.0067282491363584995,0.008576301857829094,4e-05
440.0,0.006532697165384889,0.006726523395627737,0.008570573292672634,4e-05
441.0,0.006532793072983623,0.0067264363169670105,0.008577083237469196,4e-05
442.0,0.0065326789114624265,0.006726407911628485,0.008573697879910469,4e-05
443.0,0.006532413447275758,0.00672595901414752,0.008567968383431435,4e-05
444.0,0.006532459910959005,0.006727134343236685,0.008570573292672634,4e-05
445.0,0.0065327485743910075,0.006726894062012434,0.008571354672312737,4e-05
446.0,0.006532617080956697,0.006726993713527918,0.008572656661272049,4e-05
447.0,0.006532457489520312,0.006726717110723257,0.008571354672312737,4e-05
448.0,0.006532571800053119,0.006726302206516266,0.008572135120630264,4e-05
449.0,0.006532651204615832,0.006726497318595648,0.008570312522351742,4e-05
450.0,0.006532360054552555,0.006726645398885012,0.008574999868869781,4e-05
451.0,0.0065322755835950375,0.006725828163325787,0.008577344007790089,4e-05
452.0,0.00653214767575264,0.006726544350385666,0.008572656661272049,4e-05
453.0,0.006532739270478487,0.006727856583893299,0.008576042018830776,4e-05
454.0,0.006532403109595179,0.006727030500769615,0.008571875281631947,4e-05
455.0,0.006532652657479048,0.006726942025125027,0.008570833131670952,4e-05
456.0,0.006532395612448454,0.006726034451276064,0.00857005175203085,4e-05
457.0,0.006532086841762066,0.0067270840518176556,0.008577083237469196,4e-05
458.0,0.0065322559140622615,0.006726337596774101,0.008570833131670952,4e-05
459.0,0.006532293846830726,0.006727476138621569,0.008578125387430191,4e-05
460.0,0.006532522067427635,0.006727104540914297,0.008579687215387821,4e-05
461.0,0.006531837908551097,0.006726834457367659,0.008574218489229679,4e-05
462.0,0.006532542519271374,0.006726013962179422,0.008577603846788406,4e-05
463.0,0.006532209478318691,0.006726185791194439,0.008570573292672634,4e-05
464.0,0.006532090213149786,0.006725985091179609,0.008578645996749401,4e-05
465.0,0.006531810443848371,0.0067270128056406975,0.008580990135669708,4e-05
466.0,0.006532037314027548,0.006726296152919531,0.008574740029871464,4e-05
467.0,0.0065316908713430166,0.006725880317389965,0.008575260639190674,4e-05
468.0,0.006531692603603006,0.0067259338684380054,0.008572656661272049,4e-05
469.0,0.006531707989051938,0.006727409549057484,0.008572135120630264,4e-05
470.0,0.006531820353120566,0.006725999992340803,0.008578906767070293,4e-05
471.0,0.006531813945621252,0.006726860534399748,0.008575520478188992,4e-05
472.0,0.006531930891796946,0.006726089399307966,0.008577603846788406,4e-05
473.0,0.0065314662456512455,0.006725604180246592,0.008579166606068611,4e-05
474.0,0.0065314199496060606,0.006725851446390152,0.008572916500270367,4e-05
475.0,0.006531814550980925,0.006726452615112066,0.008573177270591259,4e-05
476.0,0.006531665930524468,0.00672614760696888,0.008571354672312737,4e-05
477.0,0.006531726904213429,0.006726962048560381,0.008576042018830776,4e-05
478.0,0.0065316597931087015,0.0067261578515172005,0.008577344007790089,4e-05
479.0,0.006531853666529059,0.006726451683789492,0.008574479259550571,4e-05
480.0,0.0065316046308726075,0.006725955288857222,0.008567968383431435,4e-05
481.0,0.006531591508537531,0.006725776940584183,0.008572395890951157,4e-05
482.0,0.006531519312411547,0.006725942250341177,0.008575520478188992,4e-05
483.0,0.006531489314511418,0.006725428160279989,0.008567187935113907,4e-05
484.0,0.0065313109662383795,0.0067259217612445354,0.008571875281631947,4e-05
485.0,0.006531302165240049,0.006726813968271017,0.008575520478188992,4e-05
486.0,0.006531775975599885,0.006726335734128952,0.008574479259550571,4e-05
487.0,0.006531748166307807,0.006726368330419064,0.008567708544433117,4e-05
488.0,0.006531251529231667,0.0067258537746965885,0.008574999868869781,4e-05
489.0,0.0065310781169682745,0.006725966464728117,0.008576823398470879,4e-05
490.0,0.006531495861709118,0.0067259278148412704,0.008571875281631947,4e-05
491.0,0.006531456392258406,0.006725474260747433,0.008570312522351742,4e-05
492.0,0.006531266011297703,0.0067262486554682255,0.008574479259550571,4e-05
493.0,0.006531247766688466,0.006725505460053682,0.008570573292672634,4e-05
494.0,0.0065309235733002425,0.006725541781634092,0.008572135120630264,4e-05
495.0,0.006531212590634823,0.006727396044880152,0.008574740029871464,4e-05
496.0,0.006531364805996418,0.006725883111357689,0.008570573292672634,4e-05
497.0,0.006531186252832413,0.006725906860083342,0.008579427376389503,4e-05
498.0,0.006530873337760567,0.0067263212986290455,0.008572135120630264,4e-05
499.0,0.006531186085194349,0.006727282889187336,0.008571354672312737,4e-05
500.0,0.006530816331505775,0.00672636553645134,0.008573958650231361,4e-05
